name,lat,lng,loc
אבו סנאן,32.958,35.172,אבו סנאן
אבו קרינאת והפזורה,31.1031,34.952,אבו קרינאת והפזורה
אבו-גוש,31.8063,35.1092,אבו-גוש
אבו-תלול והפזורה,31.1907,34.9161,אבו-תלול והפזורה
אבטליון,32.8358,35.3504,אבטליון
אביאל,32.5313,34.9935,אביאל
אביבים,33.0894,35.4703,אביבים
אביגדור,31.7119,34.7404,אביגדור
אביחיל,32.3507,34.8712,אביחיל
אביעזר,31.682,35.0188,אביעזר
אבירים,33.0381,35.286,אבירים
אבן יהודה,32.2766,34.8851,אבן יהודה
אבן מנחם,33.0751,35.2952,אבן מנחם
אבן ספיר,31.7625,35.135,אבן ספיר
אבן שמואל,31.5764,34.763,אבן שמואל
אבני איתן,32.8248,35.7658,אבני איתן
אבני חפץ,32.2846,35.0746,אבני חפץ
אבנת,31.679,35.4369,אבנת
אבשלום,31.1954,34.3312,אבשלום
אדורה,31.5522,35.0176,אדורה
אדוריים,31.4827,35.0436,אדוריים
אדמית,33.0788,35.2095,אדמית
אדרת,31.6597,34.9944,אדרת
אודים,32.2669,34.847,אודים
אודם,33.1934,35.7496,אודם
בית ירח,32.7144,35.574,בית ירח
אום אל פחם,32.5171,35.1485,אום אל פחם
אום אל קוטוף,32.4681,35.0592,אום אל קוטוף
אום אל-גנם,32.6867,35.3903,אום אל-גנם
אום בטין והפזורה,31.2694,34.8811,אום בטין והפזורה
אופקים,31.3113,34.6228,אופקים
אור הגנוז,33.0052,35.4467,אור הגנוז
אור הנר,31.5562,34.6023,אור הנר
אור יהודה,32.0297,34.8562,אור יהודה
אור עקיבא,32.51,34.9204,אור עקיבא
אורה,31.7521,35.1502,אורה
אורון תעשייה ומסחר,30.9115,35.0177,אורון תעשייה ומסחר
אורות,31.74176,34.734758,אורות
אורטל,33.0862,35.7587,אורטל
אורים,31.3041,34.5249,אורים
אורנים,32.7112,35.1096,אורנים
אורנית,32.1319,34.9908,אורנית
אושה,32.7965,35.1146,אושה
אזור,32.0296,34.7996,אזור
אזור תעשייה אכזיב מילואות,33.0684,35.1102,אזור תעשייה אכזיב מילואות
אזור תעשייה אלון התבור,32.6345,35.3603,אזור תעשייה אלון התבור
אזור תעשייה אפק ולב הארץ,32.10799,34.953088,אזור תעשייה אפק ולב הארץ
אזור תעשייה באר טוביה,31.7249,34.751,אזור תעשייה באר טוביה
אזור תעשייה בני יהודה,32.8023,35.7156,אזור תעשייה בני יהודה
אזור תעשייה בר-לב,32.9063,35.1948,אזור תעשייה בר-לב
אזור תעשייה בראון,32.2488,35.1681,אזור תעשייה בראון
אזור תעשייה ברוש,31.7331,34.9594,אזור תעשייה ברוש
אזור תעשייה דימונה,31.0646,35.0188,אזור תעשייה דימונה
אזור תעשייה הדרומי אשקלון,31.6361,34.5545,אזור תעשייה הדרומי אשקלון
אזור תעשייה הר טוב - צרעה,31.7728,34.9981,אזור תעשייה הר טוב - צרעה
אזור תעשייה חבל מודיעין,32.0131,34.9595,אזור תעשייה חבל מודיעין
אזור תעשייה חצור הגלילית,32.9842,35.5521,אזור תעשייה חצור הגלילית
אזור תעשייה טירה,32.2267,34.9791,אזור תעשייה טירה
אזור תעשייה יקנעם עילית,32.6639,35.105,אזור תעשייה יקנעם עילית
אזור תעשייה כנות,31.8013,34.7591,אזור תעשייה כנות
אזור תעשייה כרמיאל,32.9263,35.3191,אזור תעשייה כרמיאל
אזור תעשייה מבוא כרמל,32.6207,35.078,אזור תעשייה מבוא כרמל
אזור תעשייה מבואות הגלבוע,32.5672,35.2676,אזור תעשייה מבואות הגלבוע
אזור תעשייה מישור אדומים,31.7925,35.335,אזור תעשייה מישור אדומים
אזור תעשייה מיתרים,31.3726,35.0055,אזור תעשייה מיתרים
אזור תעשייה נ.ע.מ,31.4138,34.6149,אזור תעשייה נ.ע.מ
אזור תעשייה ניר עציון,32.7019,34.973,אזור תעשייה ניר עציון
אזור תעשייה נשר - רמלה,31.9179,34.892,אזור תעשייה נשר - רמלה
אזור תעשייה עד הלום,31.7581,34.6559,אזור תעשייה עד הלום
אזור תעשייה עידן הנגב,31.3808,34.786,אזור תעשייה עידן הנגב
אזור תעשייה עמק חפר,32.4049,34.8967,אזור תעשייה עמק חפר
אזור תעשייה צ.ח.ר,32.9705521,35.5646455,אזור תעשייה צ.ח.ר
אזור תעשייה צבאים,32.5425,35.5031,אזור תעשייה צבאים
אזור תעשייה ציפורית,32.7595,35.3161,אזור תעשייה ציפורית
אזור תעשייה צמח,32.7033,35.5869,אזור תעשייה צמח
אזור תעשייה צפוני אשקלון,31.6647,34.5981,אזור תעשייה צפוני אשקלון
אזור תעשייה קדמת גליל,32.7854,35.4631,אזור תעשייה קדמת גליל
אזור תעשייה קיסריה,32.4865,34.9464,אזור תעשייה קיסריה
אזור תעשייה קריית גת,31.5962,34.7848,אזור תעשייה קריית גת
אזור תעשייה רגבים,32.5217,35.024,אזור תעשייה רגבים
אזור תעשייה רותם,31.06,35.1949,אזור תעשייה רותם
אזור תעשייה רמת דלתון,33.0279,35.4768,אזור תעשייה רמת דלתון
אזור תעשייה שחורת,29.5979,34.9719,אזור תעשייה שחורת
אזור תעשייה שער בנימין,31.8654,35.2617,אזור תעשייה שער בנימין
אזור תעשייה שער נעמן,32.8805,35.0976,אזור תעשייה שער נעמן
אזור תעשייה תימורים,31.7242,34.7615,אזור תעשייה תימורים
אזור תעשייה תרדיון,32.8677,35.2731,אזור תעשייה תרדיון
אחווה,31.7429,34.7678,אחווה
אחוזם,31.5527,34.7701,אחוזם
אחוזת ברק,32.6431,35.3389,אחוזת ברק
אחיה,32.0605,35.3273,אחיה
אחיהוד,32.9074,35.1717,אחיהוד
אחיטוב,32.3877,34.9908,אחיטוב
אחיסמך,31.9319,34.9086,אחיסמך
אחיעזר,31.9817,34.8718,אחיעזר
איבטין,32.76,35.1146,איבטין
אייל,32.211823,34.979862,אייל
איילת השחר,33.0211,35.5767,איילת השחר
אילון,33.0625,35.2192,אילון
אילות,29.5805,34.963,אילות
אילניה,32.7539,35.4082,אילניה
אילת,29.5577,34.9519,אילת
אירוס,31.9286,34.7766,אירוס
איתמר,32.1739,35.308,איתמר
איתן,31.5722,34.7479,איתן
אכסאל,32.6821,35.3207,אכסאל
אל סייד והפזורה,31.2864,34.9079,אל סייד והפזורה
אל עזי,31.7189,34.8143,אל עזי
"אל עמארני, אל מסק",30.7983,35.2346,"אל עמארני, אל מסק"
אל עריאן,32.4981,35.1251,אל עריאן
אל פורעה והפזורה,31.2198,35.1642,אל פורעה והפזורה
אל רום,33.1805,35.7701,אל רום
אל-ח'וואלד מערב,32.771,35.1363,אל-ח'וואלד מערב
אלומה,31.652,34.7429,אלומה
אלומות,32.7066,35.5461,אלומות
אלון,31.8334,35.3536,אלון
אלון הגליל,32.7569,35.2203,אלון הגליל
אלון מורה,32.2344,35.3312,אלון מורה
אלון שבות,31.6549,35.1253,אלון שבות
אלוני אבא,32.7309,35.172,אלוני אבא
אלוני הבשן,33.0441,35.8385,אלוני הבשן
אלוני יצחק,32.51,35.0052,אלוני יצחק
אלונים,32.7215,35.1434,אלונים
אלי עד,32.8066,35.7366,אלי עד
אליאב,31.5302,34.9284,אליאב
אליכין,32.4077,34.925,אליכין
אליפז ומכרות תמנע,29.7882,35.0032,אליפז ומכרות תמנע
אליפלט,32.9478,35.5485,אליפלט
אליקים,32.6333,35.0676,אליקים
אלישיב,32.3802,34.9099,אלישיב
אלישמע,32.1548,34.9305,אלישמע
אלמגור,32.9127,35.6023,אלמגור
אלמוג,31.79,35.462,אלמוג
אלעד,32.0495,34.9507,אלעד
אלעזר,31.6597,35.1431,אלעזר
אלפי מנשה,32.1706,35.0149,אלפי מנשה
אלקוש,33.0343,35.3263,אלקוש
אלקנה,32.1106,35.0321,אלקנה
אמונים,31.7439,34.6745,אמונים
אמירים,32.9374,35.4504,אמירים
אמנון,32.905,35.5711,אמנון
אמץ,32.3692,34.9931,אמץ
אמציה,31.5312,34.9145,אמציה
אניעם,32.9566,35.7397,אניעם
אעבלין,32.8218,35.1901,אעבלין
אפיק,32.7794,35.703,אפיק
אפיקים,32.6806,35.5777,אפיקים
אפק,32.8383,35.1278,אפק
אפרת,31.6536,35.1499,אפרת
ארבל,32.8127,35.4826,ארבל
ארגמן,32.1733,35.5223,ארגמן
ארז,31.5597,34.565,ארז
אריאל,32.1046,35.1745,אריאל
ארסוף,32.2128,34.816,ארסוף
אשבול,31.4455,34.6667,אשבול
אשבל,32.877,35.306,אשבל
"אשדוד - א,ב,ד,ה",31.8047,34.6469,"אשדוד - א,ב,ד,ה"
אשדוד - אזור תעשייה צפוני ונמל,31.8298,34.6602,אשדוד - אזור תעשייה צפוני ונמל
"אשדוד - ג,ו,ז",31.7966,34.6579,"אשדוד - ג,ו,ז"
"אשדוד - ח,ט,י,יג,יד,טז",31.7778,34.6462,"אשדוד - ח,ט,י,יג,יד,טז"
"אשדוד - יא,יב,טו,יז,מרינה,סיטי",31.7836,34.6332,"אשדוד - יא,יב,טו,יז,מרינה,סיטי"
אשדות יעקב איחוד,32.6588,35.5796,אשדות יעקב איחוד
אשדות יעקב מאוחד,32.6648,35.5828,אשדות יעקב מאוחד
אשחר,32.8851,35.2996,אשחר
אשכולות,31.3912,34.9049,אשכולות
אשל הנשיא,31.3268,34.6975,אשל הנשיא
אשלים,30.9642,34.6997,אשלים
אשקלון - דרום,31.661,34.5688,אשקלון - דרום
אשקלון - צפון,31.686,34.5839,אשקלון - צפון
אשרת,32.9716,35.1557,אשרת
אשתאול,31.7804,35.0101,אשתאול
אתר דודאים,31.3122,34.7338,אתר דודאים
אתר ההנצחה גולני,32.7774,35.4103,אתר ההנצחה גולני
באקה אל גרבייה,32.4229,35.0358,באקה אל גרבייה
באר אורה,29.7102,34.9872,באר אורה
באר גנים,31.7004,34.6109,באר גנים
באר טוביה,31.7371,34.7256,באר טוביה
באר יעקב,31.9435,34.839,באר יעקב
באר מילכה,30.9341,34.4056,באר מילכה
באר שבע - דרום,31.2413,34.7711,באר שבע - דרום
באר שבע - מזרח,31.2345,34.8201,באר שבע - מזרח
באר שבע - מערב,31.2612,34.7794,באר שבע - מערב
באר שבע - צפון,31.2698,34.8151,באר שבע - צפון
בארות יצחק,32.042,34.9102,בארות יצחק
בארותיים,32.321,34.9834,בארותיים
בארי,31.4245,34.4926,בארי
בוסתן הגליל,32.9486,35.0807,בוסתן הגליל
בועיינה-נוג'ידאת,32.8077,35.3653,בועיינה-נוג'ידאת
בוקעתא,33.2027,35.7768,בוקעתא
בורגתה,32.326,34.9638,בורגתה
בחן,32.3518,35.0185,בחן
בטחה,31.3339,34.6343,בטחה
ביצרון,31.795,34.7293,ביצרון
ביר אלמכסור,32.7773,35.2206,ביר אלמכסור
ביר הדאג' והפזורה,31.0302,34.7169,ביר הדאג' והפזורה
ביריה,32.9781,35.5031,ביריה
בית אורן,32.7316,35.0063,בית אורן
בית אל,31.9416,35.2227,בית אל
בית אלעזרי,31.8447,34.8066,בית אלעזרי
בית אלפא וחפציבה,32.5187,35.4262,בית אלפא וחפציבה
בית אריה,32.0401,35.0495,בית אריה
בית ברל,32.1997,34.9261,בית ברל
בית ג'אן,32.9657,35.3813,בית ג'אן
בית גוברין,31.6129,34.8956,בית גוברין
בית גמליאל,31.8561,34.7609,בית גמליאל
בית דגן,32.0018,34.8297,בית דגן
בית הגדי,31.4228,34.6079,בית הגדי
בית הלוי,32.3516,34.9304,בית הלוי
בית הלל,33.2088,35.6065,בית הלל
בית העמק,32.971,35.1453,בית העמק
בית הערבה,31.8078,35.4764,בית הערבה
בית השיטה,32.5509,35.4394,בית השיטה
בית זית,31.7831,35.1611,בית זית
בית זרע,32.6893,35.5741,בית זרע
בית חגי,31.4925,35.0795,בית חגי
בית חורון,31.8799,35.1241,בית חורון
בית חזון,32.3872,34.9129,בית חזון
בית חלקיה,31.793,34.8097,בית חלקיה
בית חנן,31.9352,34.7756,בית חנן
בית חנניה,32.5295,34.9267,בית חנניה
בית חרות,32.3762,34.8738,בית חרות
בית חשמונאי,31.8903,34.9176,בית חשמונאי
בית יהושע,32.2621,34.8654,בית יהושע
בית יוסף,32.5587,35.5528,בית יוסף
בית ינאי,32.3817,34.8635,בית ינאי
בית יצחק - שער חפר,32.3356,34.8895,בית יצחק - שער חפר
בית יתיר,31.3656,35.1113,בית יתיר
בית לחם הגלילית,32.7346,35.1913,בית לחם הגלילית
בית מאיר,31.7948,35.0368,בית מאיר
בית נחמיה,31.9771,34.9538,בית נחמיה
בית ניר,31.6476,34.8731,בית ניר
בית נקופה,31.8044,35.1269,בית נקופה
בית סוהר השרון,32.2408,34.8848,בית סוהר השרון
בית סוהר מגידו,32.5709,35.1898,בית סוהר מגידו
בית סוהר נפחא,30.7265,34.7735,בית סוהר נפחא
בית סוהר צלמון,32.8717,35.4474,בית סוהר צלמון
בית סוהר קישון,32.7262,35.0915,בית סוהר קישון
בית סוהר שיטה וגלבוע,32.5476,35.4151,בית סוהר שיטה וגלבוע
בית ספר אורט בנימינה,32.5498,34.955,בית ספר אורט בנימינה
בית ספר שדה מירון,33.0115,35.3922,בית ספר שדה מירון
בית עובד,31.9213,34.7749,בית עובד
בית עוזיאל,31.8701,34.9049,בית עוזיאל
בית עזרא,31.7364,34.6575,בית עזרא
בית עלמין תל רגב,32.7678,35.1219,בית עלמין תל רגב
בית עריף,31.9954,34.9351,בית עריף
בית צבי,32.7189,34.9697,בית צבי
בית קמה,31.4466,34.7622,בית קמה
בית קשת,32.7184,35.395,בית קשת
בית רימון,32.7818,35.3277,בית רימון
בית שאן,32.4971,35.4973,בית שאן
בית שמש,31.747,34.9881,בית שמש
בית שערים,32.6965,35.1788,בית שערים
בית שקמה,31.6377,34.6101,בית שקמה
ביתן אהרן,32.3649,34.8696,ביתן אהרן
ביתר עילית,31.701,35.1119,ביתר עילית
בלפוריה,32.63,35.2963,בלפוריה
בן זכאי,31.8572,34.7274,בן זכאי
בן עמי,33.0054,35.1222,בן עמי
בן שמן,31.9513,34.9198,בן שמן
בני ברק,32.0849,34.8352,בני ברק
בני דקלים,31.5172,34.917,בני דקלים
בני דרום,31.8209,34.6916,בני דרום
בני דרור,32.2618,34.9018,בני דרור
בני יהודה וגבעת יואב,32.7983,35.6911,בני יהודה וגבעת יואב
בני נצרים,31.1435,34.3164,בני נצרים
בני עטרות,32.0215,34.9101,בני עטרות
בני עי''ש,31.7902,34.7593,בני עי''ש
בני ציון,32.2198,34.8684,בני ציון
בני ראם,31.77,34.7905,בני ראם
בניה,31.8434,34.7518,בניה
בנימינה,32.5171,34.9551,בנימינה
בסמת טבעון,32.7363,35.1532,בסמת טבעון
בענה,32.9295,35.2719,בענה
בצרה,32.2145,34.8781,בצרה
בצת,33.07,35.1326,בצת
בקוע,31.8279,34.9247,בקוע
בקעות,32.2421,35.4526,בקעות
בר גיורא,31.7297,35.0734,בר גיורא
בר יוחאי,32.9977,35.4482,בר יוחאי
ברוכין,32.0822,35.0941,ברוכין
ברור חיל,31.557,34.6465,ברור חיל
ברוש,31.371091,34.634933,ברוש
ברטעה,32.4721,35.095,ברטעה
ברכיה,31.668,34.6243,ברכיה
ברעם,33.059,35.4332,ברעם
ברקאי,32.4761,35.031,ברקאי
ברקן,32.1095,35.106,ברקן
ברקת,32.0183,34.9432,ברקת
בת הדר,31.6481,34.5971,בת הדר
בת חן,32.3602,34.8724,בת חן
בת חפר,32.3337,35.0137,בת חפר
בת עין,31.6577,35.1011,בת עין
בת שלמה,32.6003,35.0038,בת שלמה
בת-ים,32.0132,34.748,בת-ים
בתי מלון ים המלח,31.1691,35.3673,בתי מלון ים המלח
ג'דידה מכר,32.9287,35.1506,ג'דידה מכר
ג'וליס,32.945,35.1842,ג'וליס
ג'לג'וליה,32.1525,34.954,ג'לג'וליה
ג'סר א-זרקא,32.5363,34.9116,ג'סר א-זרקא
ג'ש - גוש חלב,33.0213,35.4479,ג'ש - גוש חלב
ג'ת,32.3984,35.0361,ג'ת
גאולי תימן,32.3918,34.901,גאולי תימן
גאולים,32.2965,34.9439,גאולים
גאליה,31.8856,34.7654,גאליה
גבולות,31.2112,34.4662,גבולות
"גבים, מכללת ספיר",31.5071,34.5974,"גבים, מכללת ספיר"
קבוצת גבע,32.5661,35.3728,קבוצת גבע
גבע בנימין,31.85,35.2739,גבע בנימין
גבע כרמל,32.6622,34.9541,גבע כרמל
גבעות,31.6789,35.1019,גבעות
גבעות בר,31.3572,34.7555,גבעות בר
גבעות גורל,31.4098,34.7905,גבעות גורל
גבעות עדן,31.6622,35.0139,גבעות עדן
גבעת אבני,32.7754,35.4362,גבעת אבני
גבעת אלה,32.722,35.2448,גבעת אלה
גבעת אסף,31.9112,35.2481,גבעת אסף
גבעת ברנר,31.8666,34.8023,גבעת ברנר
גבעת הראל וגבעת הרואה,32.0563,35.2748,גבעת הראל וגבעת הרואה
גבעת השלושה,32.0963,34.9206,גבעת השלושה
גבעת וולפסון,32.7202,35.0161,גבעת וולפסון
גבעת וושינגטון,31.8175,34.7289,גבעת וושינגטון
גבעת זאב,31.8612,35.1673,גבעת זאב
גבעת חביבה,32.457652,35.02009,גבעת חביבה
גבעת חיים איחוד,32.3967,34.933,גבעת חיים איחוד
גבעת חיים מאוחד,32.3921,34.9294,גבעת חיים מאוחד
גבעת חן,32.1676,34.8755,גבעת חן
גבעת יערים,31.7861,35.0928,גבעת יערים
גבעת ישעיהו,31.6717,34.9437,גבעת ישעיהו
גבעת כ''ח,32.032091,34.938796,גבעת כ''ח
גבעת ניל''י,32.549043,35.041194,גבעת ניל''י
גבעת עדה,32.521,35.0114,גבעת עדה
גבעת עוז,32.5559,35.198,גבעת עוז
גבעת שמואל,32.0773,34.8492,גבעת שמואל
גבעת שפירא,32.3576,34.8758,גבעת שפירא
גבעתי,31.7331,34.6795,גבעתי
גבעתיים,32.0722,34.8089,גבעתיים
גברעם,31.5915,34.6122,גברעם
גבת,32.6766,35.2132,גבת
גדות,33.0182,35.6195,גדות
גדעונה,32.5499,35.3592,גדעונה
גדרה,31.8123,34.777,גדרה
גונן,33.124,35.6462,גונן
גורן,33.0556,35.2336,גורן
גורנות הגליל,33.0593,35.2497,גורנות הגליל
גזית,32.6393,35.4462,גזית
גזר,31.8761,34.9203,גזר
גיאה,31.6285,34.6027,גיאה
גיבתון,31.8883,34.7991,גיבתון
גיזו,31.8056,34.9397,גיזו
גילת,31.3263,34.6489,גילת
גינוסר,32.8487,35.5232,גינוסר
גינתון,31.9628,34.9131,גינתון
גיתה,32.9672,35.2491,גיתה
גיתית,32.1003,35.3954,גיתית
גלאון,31.6334,34.8489,גלאון
גלגל,32.0004,35.4448,גלגל
גלעד,32.5575,35.0763,גלעד
גמזו,31.9272,34.9411,גמזו
גן הדרום,31.8041,34.6999,גן הדרום
גן השומרון,32.465,34.999,גן השומרון
גן חיים,32.1958,34.907,גן חיים
גן יאשיה,32.3495,34.9962,גן יאשיה
גן יבנה,31.7831,34.7031,גן יבנה
גן נר,32.5287,35.3363,גן נר
גן שורק,31.944,34.7583,גן שורק
גן שלמה,31.8788,34.7989,גן שלמה
גן שמואל,32.4529,34.9493,גן שמואל
גנות,32.0182,34.8259,גנות
גנות הדר,32.3217,34.9007,גנות הדר
גני הדר,31.8782,34.8576,גני הדר
גני טל,31.7886,34.7914,גני טל
גני יוחנן,31.8599,34.8408,גני יוחנן
גני עם,32.1498,34.9034,גני עם
גני תקווה,32.0605,34.8731,גני תקווה
גניגר,32.6634,35.2599,גניגר
געש,32.2285,34.8244,געש
געתון,33.0061,35.2138,געתון
גפן,31.7404,34.8784,גפן
גרופית,29.9416,35.0647,גרופית
גשור,32.8199,35.7157,גשור
גשר,32.6212,35.5504,גשר
גשר הזיו,33.0405,35.1106,גשר הזיו
גת,31.6278,34.7941,גת
גת רימון,32.0681,34.8814,גת רימון
דבוריה,32.6941,35.3685,דבוריה
דביר,31.4117,34.8252,דביר
דברת,32.6467,35.3501,דברת
דגניה א,32.7069,35.5751,דגניה א
דגניה ב,32.6991,35.5776,דגניה ב
דוב''ב,33.0508,35.407747,דוב''ב
דולב,31.9262,35.1336,דולב
דור,32.607548,34.923294,דור
דורות,31.5072,34.6457,דורות
דחי,32.6225,35.3436,דחי
דימונה,31.0694,35.0334,דימונה
דיר אל-אסד,32.9344,35.2684,דיר אל-אסד
דיר חנא,32.8623,35.3653,דיר חנא
דישון,33.0823,35.5176,דישון
דליה,32.5892,35.077,דליה
דלית אל כרמל,32.6938,35.0554,דלית אל כרמל
דלתון,33.0166,35.4899,דלתון
דמיידה,32.815,35.2266,דמיידה
קיבוץ דן,33.2406,35.6523,קיבוץ דן
דניאל,31.3109,34.5931,דניאל
דפנה,33.2308,35.6383,דפנה
דקל,31.196642,34.34709,דקל
האון,32.7267,35.6227,האון
הבונים,32.6366,34.9327,הבונים
הגושרים,33.2215,35.623,הגושרים
הדר עם,32.3497,34.8989,הדר עם
הוד השרון,32.15,34.8839,הוד השרון
הודיה,31.6764,34.6393,הודיה
הודיות,32.7886,35.435,הודיות
הושעיה,32.7579,35.2952,הושעיה
הזורעים,32.7481,35.4999,הזורעים
החותרים,32.7523,34.9575,החותרים
היוגב,32.6128,35.2075,היוגב
הילה,33.0362,35.2446,הילה
המכללה האקדמית כנרת,32.7054,35.5918,המכללה האקדמית כנרת
המעפיל,32.378,34.9831,המעפיל
המרכז האקדמי רופין,32.3424,34.9123,המרכז האקדמי רופין
הסוללים,32.7518,35.238,הסוללים
העוגן,32.3604,34.9233,העוגן
הר אדר,31.8245,35.1297,הר אדר
הר ברכה,32.1933,35.2649,הר ברכה
הר גילה,31.7221,35.1715,הר גילה
הר הנגב,30.6817,34.785,הר הנגב
הר עמשא,31.3427,35.1016,הר עמשא
הר-חלוץ,32.9506,35.3123,הר-חלוץ
הראל,31.80944,34.94903,הראל
הרדוף,32.7637,35.1747,הרדוף
הרצליה - מערב,32.1738,34.8104,הרצליה - מערב
הרצליה - מרכז וגליל ים,32.1678,34.8413,הרצליה - מרכז וגליל ים
הררית יחד,32.8457,35.3693,הררית יחד
ואדי אל חמאם,32.8284,35.4917,ואדי אל חמאם
ואדי אל נעם דרום,31.1413,34.8265,ואדי אל נעם דרום
ורד יריחו,31.8262,35.4321,ורד יריחו
ורדון,31.6638,34.7818,ורדון
זבדיאל,31.6592,34.7603,זבדיאל
זוהר,31.5956,34.6924,זוהר
זיקים,31.6072,34.521,זיקים
זיתן,31.9752,34.8917,זיתן
זכרון יעקב,32.5739,34.952,זכרון יעקב
זכריה,31.7088,34.9447,זכריה
זמר,32.3657,35.0347,זמר
"זמרת, שובה",31.4518,34.5467,"זמרת, שובה"
זנוח,31.7338,34.9994,זנוח
זרועה,31.4591,34.6242,זרועה
זרזיר,32.7233,35.2204,זרזיר
זרחיה,31.6817,34.7464,זרחיה
זרעית,33.099,35.2885,זרעית
ח'וואלד,32.7589,35.1584,ח'וואלד
חבצלת השרון וצוקי ים,32.3601,34.8585,חבצלת השרון וצוקי ים
חברון,31.5249,35.108,חברון
חג'אג'רה,32.741,35.2049,חג'אג'רה
חגור,32.1386,34.9476,חגור
חגלה,32.3891,34.9243,חגלה
חד נס,32.9275,35.6414,חד נס
חדיד,31.9694,34.9322,חדיד
חדרה - מזרח,32.4258,34.9506,חדרה - מזרח
חדרה - מערב,32.439,34.8854,חדרה - מערב
חדרה - מרכז,32.4352,34.9209,חדרה - מרכז
חדרה - נווה חיים,32.446,34.9049,חדרה - נווה חיים
חוות גלעד,32.2005,35.1812,חוות גלעד
חוות יאיר,32.1453,35.1048,חוות יאיר
חוות עדן,32.4658,35.4866,חוות עדן
חוות ערנדל,30.1149,35.1515,חוות ערנדל
חוות שדה בר,31.6609,35.2447,חוות שדה בר
חוות שיקמים,31.5113,34.6339,חוות שיקמים
חולדה,31.8321,34.8815,חולדה
חולון,32.0158,34.7874,חולון
חולית,31.2306,34.3273,חולית
חולתה,33.0529,35.6092,חולתה
חוסן,32.9977,35.2987,חוסן
חוסנייה,32.9006,35.3225,חוסנייה
חופית,32.3861,34.8741,חופית
חוקוק,32.8786,35.4967,חוקוק
חורה,31.3004,34.9357,חורה
חורפיש,33.0167,35.3471,חורפיש
חורשים,32.1379,34.971,חורשים
חזון,32.9066,35.3953,חזון
חי-בר יטבתה,29.8462,35.0294,חי-בר יטבתה
חיבת ציון,32.398,34.9119,חיבת ציון
חיננית,32.4809,35.1732,חיננית
חיפה - כרמל ועיר תחתית,32.8072,34.9877,חיפה - כרמל ועיר תחתית
חיפה - מערב,32.8087,34.9603,חיפה - מערב
חיפה - נווה שאנן ורמות כרמל,32.7812,35.0015,חיפה - נווה שאנן ורמות כרמל
חיפה - קריית חיים ושמואל,32.8283,35.0656,חיפה - קריית חיים ושמואל
חיפה - מפרץ,32.8049,35.0515,חיפה - מפרץ
חירן,31.3096,34.9845,חירן
חלמיש,32.0083,35.1289,חלמיש
חלץ,31.5779,34.6584,חלץ
חמד,32.018,34.8413,חמד
חמדיה,32.5198,35.5206,חמדיה
חמדת,32.252,35.5268,חמדת
חמרה,32.1997,35.4374,חמרה
חמת גדר,32.6834,35.6647,חמת גדר
חניאל,32.3328,34.9477,חניאל
חניתה,33.0876,35.1734,חניתה
חנתון,32.7831,35.2451,חנתון
חספין,32.8456,35.793,חספין
חפץ חיים,31.7893,34.7997,חפץ חיים
חצב,31.7801,34.7706,חצב
חצבה,30.7679,35.2785,חצבה
חצור,31.773,34.7199,חצור
חצור הגלילית,32.9804,35.5435,חצור הגלילית
חצרים,31.2406,34.7174,חצרים
חרב לאת,32.4035,34.9171,חרב לאת
חרוצים,32.2277,34.8648,חרוצים
חרות,32.241,34.9141,חרות
חריש,32.4619,35.0456,חריש
חרמש,32.4237,35.119,חרמש
חרשה,31.9444,35.148,חרשה
חרשים,32.9577,35.3282,חרשים
חשמונאים,31.9326,35.0233,חשמונאים
טבריה,32.7959,35.531,טבריה
טובא זנגריה,32.9662,35.592,טובא זנגריה
טורעאן,32.7751,35.3783,טורעאן
טייבה,32.2669,35.0097,טייבה
טייבה בגלבוע,32.6047,35.4446,טייבה בגלבוע
טירה,32.234394,34.951488,טירה
טירת יהודה,32.0148,34.9359,טירת יהודה
טירת כרמל,32.7621,34.973,טירת כרמל
טירת צבי,32.4225,35.5283,טירת צבי
טל מנשה,32.4831,35.1607,טל מנשה
טל שחר,31.8044,34.9033,טל שחר
טל-אל,32.9273,35.1825,טל-אל
טללים,30.9915,34.7713,טללים
טלמון,31.9395,35.1331,טלמון
טמרה,32.8522,35.2013,טמרה
טמרה בגלבוע,32.6349,35.4027,טמרה בגלבוע
טנא עומרים,31.3761,34.9574,טנא עומרים
טפחות,32.8686,35.4222,טפחות
יבול,31.1895,34.319,יבול
יבנאל,32.7088,35.5038,יבנאל
יבנה,31.878,34.7394,יבנה
יגור,32.7415,35.0768,יגור
יגל,31.9878,34.8803,יגל
יד בנימין,31.7967,34.8204,יד בנימין
יד השמונה,31.8095,35.0896,יד השמונה
יד חנה,32.3253,35.0067,יד חנה
יד מרדכי,31.587,34.5575,יד מרדכי
יד נתן,31.653,34.7049,יד נתן
יד רמב''ם,31.899841,34.900086,יד רמב''ם
יהוד-מונוסון,32.0303,34.8871,יהוד-מונוסון
יהל,30.0842,35.1284,יהל
יובלים,32.8782,35.2693,יובלים
יודפת,32.8366,35.2715,יודפת
יונתן,32.9397,35.7955,יונתן
יושיביה,31.4447,34.6088,יושיביה
יזרעאל,32.5626,35.3194,יזרעאל
יחיעם,32.9961,35.2211,יחיעם
יטבתה,29.8963,35.0592,יטבתה
ייט''ב,31.947215,35.422375,ייט''ב
יכיני,31.4822,34.5986,יכיני
ינוב,32.3074,34.9514,ינוב
ינוח-ג'ת,32.9816,35.2412,ינוח-ג'ת
ינון,31.7418,34.7809,ינון
יסוד המעלה,33.0536,35.589,יסוד המעלה
יסודות,31.8158,34.8656,יסודות
יסעור,32.9011,35.1666,יסעור
יעד,32.8812,35.2406,יעד
יעף,32.2683,34.9674,יעף
יערה,33.068,35.1861,יערה
יערות הכרמל,32.7073,35.0107,יערות הכרמל
יפיע,32.695,35.282,יפיע
יפית,32.0627,35.4743,יפית
יפעת,32.6759,35.224,יפעת
יפתח,33.1283,35.552,יפתח
יצהר,32.1685,35.2359,יצהר
יציץ,31.8632,34.8619,יציץ
יקום,32.2492,34.8419,יקום
יקיר,32.1498,35.1146,יקיר
יקנעם המושבה והזורע,32.6559,35.1152,יקנעם המושבה והזורע
יקנעם עילית,32.6602,35.1046,יקנעם עילית
יראון,33.0772,35.4543,יראון
ירדנה,32.5654,35.566,ירדנה
ירוחם,30.9878,34.9297,ירוחם
ירושלים - אזור תעשייה עטרות,31.8606,35.2167,ירושלים - אזור תעשייה עטרות
ירושלים - דרום,31.7377,35.1847,ירושלים - דרום
ירושלים - כפר עקב,31.8749,35.2175,ירושלים - כפר עקב
ירושלים - מזרח,31.7627,35.2403,ירושלים - מזרח
ירושלים - מערב,31.7742,35.1727,ירושלים - מערב
ירושלים - מרכז,31.7781,35.2164,ירושלים - מרכז
ירושלים - צפון,31.8211,35.2389,ירושלים - צפון
ירחיב,32.1515,34.968,ירחיב
ירכא,32.9535,35.212,ירכא
ירקונה,32.1445,34.8979,ירקונה
ישובי אומן,32.5655,35.2384,ישובי אומן
מרכז חבר,32.5483,35.2661,מרכז חבר
ישובי יעל,32.5521,35.3065,ישובי יעל
ישעי,31.753,34.9626,ישעי
ישרש,31.9157,34.8473,ישרש
יתד,31.207,34.3261,יתד
כאבול,32.87,35.2054,כאבול
כאוכב אבו אלהיג'א,32.8319,35.2487,כאוכב אבו אלהיג'א
כברי,33.021,35.147,כברי
כדורי,32.7062,35.4063,כדורי
כוכב השחר,31.9603,35.3494,כוכב השחר
כוכב יאיר - צור יגאל,32.2209,34.9924,כוכב יאיר - צור יגאל
כוכב יעקב,31.8803,35.2459,כוכב יעקב
כוכב מיכאל,31.6315,34.6678,כוכב מיכאל
כורזים ורד הגליל,32.9042,35.5508,כורזים ורד הגליל
כושי רמון,30.3066,35.1346,כושי רמון
כחל,32.8905,35.5116,כחל
כינרת מושבה,32.7238,35.5652,כינרת מושבה
כינרת קבוצה,32.7142,35.5627,כינרת קבוצה
כיסופים,31.3745,34.399,כיסופים
כיסרא סמיע,32.9723,35.3041,כיסרא סמיע
כישור,32.9467,35.2502,כישור
כלא דמון,32.7332,35.0234,כלא דמון
כליל,32.9836,35.1997,כליל
כלנית,32.8753,35.454,כלנית
כמהין,30.9103,34.4307,כמהין
כמון,32.9125,35.3555,כמון
כנות,31.8022,34.7509,כנות
כנף,32.8704,35.6979,כנף
כסייפה והפזורה,31.2347,35.0681,כסייפה והפזורה
כסלון,31.7743,35.0482,כסלון
כעביה,32.7567,35.1865,כעביה
כעביה טבאש,32.7504,35.184,כעביה טבאש
כפר אביב,31.831,34.7226,כפר אביב
כפר אדומים,31.8272,35.3372,כפר אדומים
כפר אוריה,31.7934,34.9448,כפר אוריה
כפר אחים,31.7459,34.7559,כפר אחים
כפר אלדד,31.654,35.251,כפר אלדד
כפר ביאליק,32.8214,35.0877,כפר ביאליק
כפר ביל''ו,31.870475,34.826734,כפר ביל''ו
כפר בלום,33.1725,35.6079,כפר בלום
כפר בן נון,31.8617,34.9472,כפר בן נון
כפר ברא,32.1309,34.9701,כפר ברא
כפר ברוך,32.646,35.1931,כפר ברוך
כפר גדעון,32.6446,35.2893,כפר גדעון
כפר גלים,32.7662,34.9595,כפר גלים
כפר גליקסון,32.5058,35.0035,כפר גליקסון
כפר גלעדי,33.2421,35.5741,כפר גלעדי
כפר גמילה מלכישוע,32.4386,35.4128,כפר גמילה מלכישוע
כפר דניאל,31.9335,34.9323,כפר דניאל
כפר האורנים,31.9199,35.0369,כפר האורנים
כפר החורש,32.7015,35.273,כפר החורש
כפר המכבי,32.7918,35.1148,כפר המכבי
כפר הנגיד,31.8871,34.7487,כפר הנגיד
כפר הנוער ימין אורד,32.7016,34.9898,כפר הנוער ימין אורד
כפר הנשיא,32.9747,35.6023,כפר הנשיא
כפר הס,32.2477,34.9351,כפר הס
כפר הרא''ה,32.391037,34.910917,כפר הרא''ה
כפר הרי''ף וצומת ראם,31.747,34.7909,כפר הרי''ף וצומת ראם
כפר ויתקין,32.3805,34.8753,כפר ויתקין
כפר ורבורג,31.7187,34.7287,כפר ורבורג
כפר ורדים,32.9951,35.2691,כפר ורדים
כפר זוהרים,31.6226,34.9257,כפר זוהרים
כפר זיתים,32.8116,35.4652,כפר זיתים
כפר חב''ד,31.990144,34.849103,כפר חב''ד
כפר חיטים,32.8,35.5033,כפר חיטים
כפר חיים,32.3539,34.9007,כפר חיים
כפר חנניה,32.916,35.4238,כפר חנניה
כפר חסידים,32.7523,35.0942,כפר חסידים
כפר חרוב,32.7624,35.6642,כפר חרוב
כפר טבאש,32.7485,35.1707,כפר טבאש
כפר טרומן,31.9805,34.9277,כפר טרומן
כפר ידידיה,32.3449,34.899,כפר ידידיה
כפר יהושע,32.6816,35.152,כפר יהושע
כפר יובל,33.2466,35.5964,כפר יובל
כפר יונה,32.3177,34.9336,כפר יונה
כפר יחזקאל,32.5669,35.3609,כפר יחזקאל
כפר יסיף,32.952,35.16,כפר יסיף
כפר יעבץ,32.2739,34.9655,כפר יעבץ
כפר כמא,32.7211,35.4428,כפר כמא
כפר כנא,32.7482,35.3438,כפר כנא
כפר מונש,32.3456,34.9164,כפר מונש
כפר מימון ותושיה,31.4324,34.5384,כפר מימון ותושיה
כפר מצר,32.6453,35.4221,כפר מצר
כפר מל''ל,32.167567,34.894744,כפר מל''ל
כפר מנדא,32.8124,35.2586,כפר מנדא
כפר מנחם,31.7321,34.8351,כפר מנחם
כפר מסריק,32.8912,35.0984,כפר מסריק
כפר מרדכי,31.8315,34.7566,כפר מרדכי
כפר נהר הירדן,32.7683,35.4356,כפר נהר הירדן
כפר נוער בן שמן,31.9597,34.9291,כפר נוער בן שמן
כפר נטר,32.2719,34.872,כפר נטר
כפר סאלד,33.196,35.658,כפר סאלד
כפר סבא,32.1782,34.9076,כפר סבא
כפר סילבר,31.673,34.6121,כפר סילבר
כפר סירקין,32.0767,34.9228,כפר סירקין
כפר עבודה,32.2557,34.9397,כפר עבודה
כפר עזה,31.4834,34.5323,כפר עזה
כפר עציון,31.6495,35.1152,כפר עציון
כפר פינס,32.4827,35.0021,כפר פינס
כפר קאסם,32.1141,34.9728,כפר קאסם
כפר קיש,32.6661,35.449,כפר קיש
כפר קרע,32.5055,35.0543,כפר קרע
כפר רופין,32.4576,35.5557,כפר רופין
כפר רות,31.9104,35.0353,כפר רות
כפר שמאי,32.9557,35.4579,כפר שמאי
כפר שמואל,31.8883,34.9348,כפר שמואל
כפר שמריהו,32.1871,34.8231,כפר שמריהו
כפר תבור,32.6873,35.42,כפר תבור
כפר תפוח,32.118,35.2498,כפר תפוח
כפר תקווה,32.7013,35.115,כפר תקווה
כרכום,32.9283,35.6063,כרכום
כרם ביבנה,31.817,34.7236,כרם ביבנה
כרם בן זמרה,33.0392,35.4699,כרם בן זמרה
כרם מהר''ל,32.644325,34.99145,כרם מהר''ל
כרם שלום,31.2283,34.2846,כרם שלום
כרמי יוסף,31.848,34.9213,כרמי יוסף
כרמי צור,31.6095,35.1013,כרמי צור
כרמי קטיף,31.5378,34.912,כרמי קטיף
כרמיאל,32.9147,35.2924,כרמיאל
כרמיה,31.6027,34.5404,כרמיה
כרמים,31.3337,34.9179,כרמים
כרמית,31.3322,34.8968,כרמית
כרמל,31.4318,35.1828,כרמל
לבון,32.9412,35.2865,לבון
לביא,32.7876,35.4407,לביא
לבנים,32.8638,35.4975,לבנים
להב,31.3794,34.8713,להב
להבות הבשן,33.1412,35.6479,להבות הבשן
להבות חביבה,32.3952,35.0118,להבות חביבה
להבים,31.3738,34.817,להבים
לוד,31.951,34.8881,לוד
לוזית,31.6882,34.8882,לוזית
לוחמי הגטאות,32.9627,35.0967,לוחמי הגטאות
לוטם וחמדון,32.8809,35.36,לוטם וחמדון
לוטן,29.9883,35.0868,לוטן
לטרון,31.8369,34.9772,לטרון
לימן,33.0587,35.1118,לימן
לכיש,31.5609,34.8441,לכיש
לפיד,31.917,35.0318,לפיד
לפידות,32.9598,35.261,לפידות
לקיה והפזורה,31.3249,34.8662,לקיה והפזורה
מאור,32.4258,35.0053,מאור
מאיר שפיה,32.5912,34.9711,מאיר שפיה
מבוא ביתר,31.7226,35.1067,מבוא ביתר
מבוא דותן,32.4208,35.1739,מבוא דותן
מבוא חורון,31.8496,35.035,מבוא חורון
מבוא חמה,32.7367,35.6552,מבוא חמה
מבוא מודיעים,31.9339,34.988,מבוא מודיעים
מבואות יריחו,31.9074,35.4156,מבואות יריחו
מבועים,31.4494,34.655,מבועים
"מבטחים, עמיעוז, ישע",31.2426,34.4065,"מבטחים, עמיעוז, ישע"
מבקיעים,31.6225,34.5774,מבקיעים
מבשרת ציון,31.8041,35.1579,מבשרת ציון
מג'דל כרום,32.9201,35.2566,מג'דל כרום
מג'דל שמס,33.2691,35.7721,מג'דל שמס
מגדים,32.7277,34.9609,מגדים
מגדל,32.8395,35.4998,מגדל
מגדל העמק,32.6778,35.2417,מגדל העמק
מגדל עוז,31.6409,35.1431,מגדל עוז
מגדל תפן,32.9767,35.278,מגדל תפן
מגדלים,32.0899,35.3426,מגדלים
קיבוץ מגידו,32.5785,35.1805,קיבוץ מגידו
מגל,32.3856,35.0361,מגל
מגן,31.2987362,34.4269827,מגן
מגן שאול,32.5215,35.3064,מגן שאול
מגרון,31.874167,35.259588,מגרון
מגשימים,32.0444,34.8998,מגשימים
מדרך עוז,32.5946,35.158,מדרך עוז
מדרשת בן גוריון,30.8523,34.7834,מדרשת בן גוריון
מודיעין,31.8903,35.0104,מודיעין
מודיעין - ישפרו סנטר,31.8898056,34.9649992,מודיעין - ישפרו סנטר
מודיעין - ליגד סנטר,31.9211897,34.9701743,מודיעין - ליגד סנטר
מודיעין עילית,31.9325,35.0423,מודיעין עילית
מולדת,32.5862,35.4389,מולדת
מועאוויה,32.5319,35.1029,מועאוויה
מרכז אזורי דרום השרון,32.1336,34.912,מרכז אזורי דרום השרון
מרכז אזורי מבואות חרמון,33.1209,35.5699,מרכז אזורי מבואות חרמון
מרכז אזורי מרום גליל,32.998,35.4415,מרכז אזורי מרום גליל
מוצא עילית,31.7936,35.157,מוצא עילית
מוקיבלה,32.5151,35.2948,מוקיבלה
מורן,32.9216,35.3948,מורן
מורשת,32.8261,35.232,מורשת
מזור,32.0507,34.9314,מזור
מזכרת בתיה,31.8532,34.8424,מזכרת בתיה
מזרע,32.6499,35.2864,מזרע
מזרעה,32.9837,35.0989,מזרעה
מחולה,32.3653,35.516,מחולה
מחניים,32.9888,35.5704,מחניים
מחסיה,31.7489,35.0073,מחסיה
מטווח ניר עם,31.5128,34.5543,מטווח ניר עם
מטולה,33.2772,35.5782,מטולה
מטע,31.7165,35.0606,מטע
מי עמי,32.505,35.1464,מי עמי
מייסר,32.4452,35.0421,מייסר
מיצד,31.5862,35.1876,מיצד
מיצר,32.7686,35.7364,מיצר
מירב,32.452,35.4225,מירב
מירון,32.9852,35.4416,מירון
מישר,31.8159,34.7526,מישר
מיתר,31.327,34.9432,מיתר
מכון וינגייט,32.263,34.837,מכון וינגייט
מכורה,32.1642,35.4236,מכורה
מכמורת,32.4065,34.8716,מכמורת
מכמנים,32.9075,35.3287,מכמנים
מלונות ים המלח מרכז,31.1803,35.3645,מלונות ים המלח מרכז
מלכיה,33.0986,35.5096,מלכיה
ממשית,31.0345,35.0478,ממשית
מנוחה,31.6562,34.7773,מנוחה
מנוף,32.8533,35.2374,מנוף
מנות,33.0387,35.1952,מנות
מנחמיה,32.6643,35.5553,מנחמיה
מנחת מחניים,32.9781,35.572,מנחת מחניים
מנרה,33.1954,35.5437,מנרה
מנשית זבדה,32.7062,35.1924,מנשית זבדה
מסד,32.8442,35.4232,מסד
מסדה,32.6823,35.5977,מסדה
מסילות,32.4974,35.4747,מסילות
מסילת ציון,31.8014,35.0095,מסילת ציון
מסלול,31.3253422,34.5885811,מסלול
מסעדה,33.2321,35.7556,מסעדה
מע'אר,32.8907,35.4046,מע'אר
מעברות,32.3642,34.9057,מעברות
"מעגלים, גבעולים, מלילות",31.392,34.5943,"מעגלים, גבעולים, מלילות"
מעגן,32.7063,35.6006,מעגן
מעגן מיכאל,32.5587,34.9178,מעגן מיכאל
מעוז חיים,32.4941,35.5508,מעוז חיים
מעון,31.4146,35.1639,מעון
מעון צופיה,31.8557,34.7379,מעון צופיה
מעונה,33.0169,35.2636,מעונה
מעיין ברוך,33.2393,35.6094,מעיין ברוך
מעיין צבי,32.5685,34.9406,מעיין צבי
מעיליא,33.0272,35.2563,מעיליא
מעלה אדומים,31.7774,35.298,מעלה אדומים
מעלה אפרים,32.0713,35.4039,מעלה אפרים
מעלה גלבוע,32.4761,35.4206,מעלה גלבוע
מעלה גמלא,32.8883,35.686,מעלה גמלא
מעלה החמישה,31.8174,35.1094,מעלה החמישה
מעלה חבר,31.4871,35.1651,מעלה חבר
מעלה לבונה,32.0544,35.2395,מעלה לבונה
מעלה מכמש,31.8791,35.3059,מעלה מכמש
מעלה עירון,32.5541,35.1825,מעלה עירון
מעלה עמוס,31.5969,35.2294,מעלה עמוס
מעלה צביה,32.8894,35.3314,מעלה צביה
מעלה רחבעם,31.6494,35.2589,מעלה רחבעם
מעלה שומרון,32.1654,35.0697,מעלה שומרון
מעלות תרשיחא,33.015,35.276,מעלות תרשיחא
מענית,32.458,35.0266,מענית
מעש,32.0635,34.8926,מעש
מפלסים,31.5022,34.5617,מפלסים
מצדה,31.3114,35.3627,מצדה
מצובה,33.0623,35.1557,מצובה
מצוקי דרגות,31.591,35.3933,מצוקי דרגות
מצליח,31.9064,34.8713,מצליח
מצפה,32.79,35.5079,מצפה
מצפה אבי''ב,32.837951,35.201059,מצפה אבי''ב
מצפה אילן,32.4614,35.0689,מצפה אילן
מצפה יריחו,31.8157,35.3954,מצפה יריחו
מצפה נטופה,32.8017,35.3835,מצפה נטופה
מצפה רמון,30.6102,34.8019,מצפה רמון
מצפה שלם,31.5689,35.4004,מצפה שלם
מצר,32.4402,35.0477,מצר
מקווה ישראל,32.03,34.7829,מקווה ישראל
מרגליות,33.2165,35.5444,מרגליות
מרום גולן,33.1326,35.7771,מרום גולן
מרחב עם,30.888,34.8282,מרחב עם
מרחביה מושב,32.6048,35.316,מרחביה מושב
מרחביה קיבוץ,32.6059,35.3073,מרחביה קיבוץ
מרחצאות עין גדי,31.4173,35.3785,מרחצאות עין גדי
מרכז אזורי מגילות,31.7738,35.5038,מרכז אזורי מגילות
מרכז אזורי משגב,32.8588,35.2598,מרכז אזורי משגב
מרכז ימי קיסריה,32.5017,34.8925,מרכז ימי קיסריה
מרכז מיר''ב,32.64726,34.964089,מרכז מיר''ב
מרכז שפירא,31.6969,34.7073,מרכז שפירא
מרעית,31.2812,35.0534,מרעית
משאבי שדה,31.004,34.785,משאבי שדה
משגב דב,31.8191,34.7392,משגב דב
משגב עם,33.2476,35.5485,משגב עם
משהד,32.7389,35.3225,משהד
משואה,32.1124,35.4914,משואה
משואות יצחק,31.7026,34.69,משואות יצחק
משכיות,32.3179,35.5028,משכיות
משמר איילון,31.8725,34.9433,משמר איילון
משמר דוד,31.8236,34.9007,משמר דוד
משמר הירדן,33.0035,35.5983,משמר הירדן
משמר הנגב,31.3648,34.718,משמר הנגב
משמר העמק,32.6101,35.1427,משמר העמק
משמר השבעה,32.0109,34.8223,משמר השבעה
משמר השרון,32.3563,34.9043,משמר השרון
משמרות,32.4865,34.9839,משמרות
משמרת,32.2276,34.9221,משמרת
משען,31.6569,34.6216,משען
מתחם בני דרום,31.8233,34.6994,מתחם בני דרום
מתחם פי גלילות,32.1384,34.8045,מתחם פי גלילות
מתחם צומת שוקת,31.3095,34.8982,מתחם צומת שוקת
מתן,32.1594,34.9732,מתן
מתת,33.0417,35.3567,מתת
מתתיהו,31.9297,35.035,מתתיהו
נאות גולן,32.787,35.6932,נאות גולן
נאות הכיכר,30.9334,35.3781,נאות הכיכר
נאות מרדכי,33.1598,35.5956,נאות מרדכי
נאות סמדר,30.0491,35.0281,נאות סמדר
נעורה,32.6082,35.3937,נעורה
נבטים,31.2198,34.8825,נבטים
נבי סמואל,31.8329,35.1811,נבי סמואל
נגבה,31.6625,34.6796,נגבה
נגוהות,31.4931,34.9833,נגוהות
נהורה,31.6213,34.7045,נהורה
נהלל,32.6908,35.1961,נהלל
נהריה,33.0085,35.0981,נהריה
נוב,32.8329,35.7836,נוב
נוגה,31.6257,34.6953,נוגה
נווה,31.1622,34.3298,נווה
נווה אור,32.589,35.5545,נווה אור
נווה אטי''ב,33.26202,35.740574,נווה אטי''ב
נווה אילן,31.8076,35.0809,נווה אילן
נוה איתן,32.4917,35.5322,נוה איתן
נווה דניאל,31.6763,35.1433,נווה דניאל
נווה זוהר,31.1521,35.3648,נווה זוהר
נווה זיו,33.0274,35.1843,נווה זיו
נווה חריף,30.0398,35.0365,נווה חריף
נווה ים,32.6798,34.9319,נווה ים
נווה ימין,32.1717,34.9394,נווה ימין
נווה ירק,32.1327,34.9255,נווה ירק
נווה מבטח,31.8068,34.7412,נווה מבטח
נווה מיכאל - רוגלית,31.6728,35.0037,נווה מיכאל - רוגלית
נווה שלום,31.8174,34.9783,נווה שלום
נועם,31.5686,34.7882,נועם
נוף איילון,31.8712,34.9913,נוף איילון
נופי נחמיה,32.0982,35.2359,נופי נחמיה
נופי פרת,31.8235,35.3199,נופי פרת
נופים,32.1555,35.0998,נופים
נופית,32.7634,35.1483,נופית
נופך,32.0437,34.9203,נופך
נוקדים,31.6458,35.2504,נוקדים
נורדיה,32.3147,34.8968,נורדיה
נורית,32.5432,35.3558,נורית
נחושה,31.6288,34.9527,נחושה
נחל עוז,31.4727,34.4977,נחל עוז
נחלה,31.66,34.7928,נחלה
נחליאל,31.9735,35.1404,נחליאל
נחלים,32.0586,34.9136,נחלים
נחם,31.7665,35.0036,נחם
נחף,32.9347,35.3165,נחף
נחשולים,32.6131,34.9222,נחשולים
נחשון,31.8316,34.956,נחשון
נחשונים,32.0632,34.947,נחשונים
נטועה,33.0654,35.3234,נטועה
נטור,32.8541,35.7526,נטור
נטע,31.4761,34.9268,נטע
נטעים,31.9457,34.7751,נטעים
נטף,31.8313,35.0696,נטף
ניל''י,31.963415,35.04727,ניל''י
נין,32.631,35.3494,נין
ניצן,31.7375,34.6308,ניצן
ניצנה,30.886,34.4226,ניצנה
ניצני עוז,32.3061,35.0033,ניצני עוז
ניצנים,31.7178,34.6346,ניצנים
ניר אליהו,32.1976,34.9494,ניר אליהו
ניר בנים,31.6712,34.755,ניר בנים
ניר גלים,31.8255,34.6825,ניר גלים
ניר דוד,32.5041,35.4576,ניר דוד
ניר ח''ן,31.608906,34.714282,ניר ח''ן
ניר יצחק,31.236,34.3567,ניר יצחק
ניר ישראל,31.6922,34.6381,ניר ישראל
ניר משה,31.4775,34.6301,ניר משה
ניר עוז,31.3097,34.4021,ניר עוז
ניר עציון,32.6991,34.9925,ניר עציון
ניר עקיבא,31.4699,34.6462,ניר עקיבא
ניר צבי,31.9544,34.8615,ניר צבי
נירים,31.3357,34.3941,נירים
נירית,32.1462,34.9848,נירית
נמרוד,33.2453,35.7516,נמרוד
נס הרים,31.7442,35.0594,נס הרים
נס עמים,32.9655,35.1216,נס עמים
נס ציונה,31.9321,34.8013,נס ציונה
נעורים,32.3713,34.8614,נעורים
נעלה,31.9626,35.066,נעלה
נעמה,31.9076,35.4662,נעמה
נען,31.8832,34.8592,נען
נערן,31.9682,35.4539,נערן
נצר חזני,31.8214,34.8626,נצר חזני
נצר סרני,31.9228,34.8212,נצר סרני
נצרת,32.6996,35.3035,נצרת
נוף הגליל,32.71,35.3227,נוף הגליל
נריה,31.954293,35.127604,נריה
נשר,32.7649,35.0492,נשר
נתיב הגדוד,31.9894,35.4433,נתיב הגדוד
נתיב הל''ה,31.687184,34.982523,נתיב הל''ה
נתיב העשרה,31.5724,34.5393,נתיב העשרה
נתיב השיירה,32.9912,35.1307,נתיב השיירה
נתיבות,31.4232,34.5953,נתיבות
נתניה - מזרח,32.3001,34.8727,נתניה - מזרח
נתניה - מערב,32.3095,34.8542,נתניה - מערב
סאג'ור,32.9431,35.3436,סאג'ור
סאסא,33.0287,35.3946,סאסא
סביון,32.0456,34.8766,סביון
סגולה,31.6695,34.7784,סגולה
סואעד חמירה,32.7669,35.1682,סואעד חמירה
סולם,32.6056,35.3343,סולם
סוסיא,31.3866,35.1204,סוסיא
סופה,31.2383,34.342,סופה
סינמה סיטי גלילות,32.1473,34.8063,סינמה סיטי גלילות
סכנין,32.8642,35.2945,סכנין
סלמה,32.8932,35.3705,סלמה
סלעית,32.2426,35.0513,סלעית
סמר,29.834,35.0222,סמר
סנדלה,32.5224,35.3244,סנדלה
סנסנה,31.3618,34.901,סנסנה
סעד,31.4702,34.5344,סעד
סעייה-מולדה והפזורה,31.251,34.9528,סעייה-מולדה והפזורה
סער,33.0287,35.1092,סער
ספיר,30.6139,35.1845,ספיר
ספסופה - כפר חושן,33.0131,35.4402,ספסופה - כפר חושן
סתריה,31.8899,34.8421,סתריה
עבדון,33.0488,35.1791,עבדון
עבדת,30.7923,34.7687,עבדת
עברון,32.9911,35.1,עברון
ע'ג'ר,33.2728,35.6242,ע'ג'ר
עגור,31.6975,34.912,עגור
עדי,32.7824,35.1734,עדי
עדי עד,32.0398,35.3352,עדי עד
עדנים,32.1388,34.9091,עדנים
עוזה,31.593,34.7645,עוזה
עוזייר,32.7906,35.3269,עוזייר
עולש,32.332,34.9853,עולש
עומר,31.2643,34.8499,עומר
עופר,32.6219,34.9835,עופר
עופרים,32.0186,35.0446,עופרים
עוצם,31.6377,34.7051,עוצם
עזוז,30.7922,34.4724,עזוז
עזר,31.7362,34.6714,עזר
עזריאל,32.2628,34.9711,עזריאל
עזריה,31.8905,34.9119,עזריה
עזריקם,31.7517,34.6948,עזריקם
עטרת,32.0012,35.177,עטרת
עידן,30.8063,35.2999,עידן
עיינות,31.9158,34.7681,עיינות
עילבון,32.8379,35.4,עילבון
עילוט,32.7173,35.2615,עילוט
עין איילה,32.63,34.9443,עין איילה
עין אל אסד,32.9408,35.401,עין אל אסד
עין אל-סהלה,32.4915,35.1175,עין אל-סהלה
עין בוקק,31.2002,35.3625,עין בוקק
עין גב,32.7834,35.6401,עין גב
עין גדי,31.4512,35.3836,עין גדי
עין דור,32.6555,35.4164,עין דור
עין הבשור,31.2809,34.4434,עין הבשור
עין הוד,32.7003,34.9827,עין הוד
עין החורש,32.3859,34.94,עין החורש
עין המפרץ,32.9026,35.093,עין המפרץ
עין הנצי''ב,32.47071,35.501973,עין הנצי''ב
עין העמק,32.6297,35.0822,עין העמק
עין השופט,32.5968,35.1004,עין השופט
עין השלושה,31.3517,34.4035,עין השלושה
עין ורד,32.2645,34.9307,עין ורד
עין זיוון,33.0965,35.7963,עין זיוון
עין חוד,32.6914,34.9991,עין חוד
עין חצבה,30.7972,35.2453,עין חצבה
עין חרוד,32.5631,35.3917,עין חרוד
עין יהב,30.6588,35.2397,עין יהב
עין יעקב,33.0093,35.229,עין יעקב
עין כמונים,32.9194,35.4301,עין כמונים
עין כרמל,32.6779,34.9537,עין כרמל
עין מאהל,32.7243,35.3534,עין מאהל
עין נקובא,31.7939,35.1197,עין נקובא
עין עירון,32.4844,35.0101,עין עירון
עין צורים,31.6949,34.7187,עין צורים
עין קנייא,33.2367,35.7313,עין קנייא
עין ראפה,31.7906,35.1165,עין ראפה
עין שמר,32.4619,35.0067,עין שמר
עין שריד,32.2749,34.9342,עין שריד
עין תמר,30.9436,35.3741,עין תמר
עינבר,32.9097,35.4237,עינבר
עינת,32.0819,34.9375,עינת
עיר אובות,30.809,35.2444,עיר אובות
עכו,32.9331,35.0827,עכו
עכו - אזור תעשייה,32.8984,35.0863,עכו - אזור תעשייה
עלומים,31.453,34.5147,עלומים
עלי,32.0712,35.2669,עלי
עלי זהב,32.0722,35.0641,עלי זהב
עלמה,33.0519,35.4996,עלמה
עלמון,31.8321,35.2968,עלמון
עמוקה,32.9977,35.5248,עמוקה
עמיחי,32.0464,35.3283,עמיחי
עמינדב,31.7517,35.1424,עמינדב
עמיעד,32.9304,35.5405,עמיעד
עמיקם,32.5646,35.0203,עמיקם
עמיר,33.1777,35.6198,עמיר
עמנואל,32.1607,35.136,עמנואל
עמקה,32.9777,35.1618,עמקה
ענב,32.2836,35.1252,ענב
עספיא,32.7207,35.0591,עספיא
עפולה,32.6105,35.2879,עפולה
עפרה,31.9551,35.2603,עפרה
עץ אפרים,32.1194,35.0464,עץ אפרים
עצמון - שגב,32.8658,35.2523,עצמון - שגב
עראבה,32.8537,35.3372,עראבה
ערב אל עראמשה,33.0888,35.2288,ערב אל עראמשה
ערב אל-נעים,32.8881,35.2901,ערב אל-נעים
ערד,31.2614,35.2149,ערד
ערוגות,31.7328,34.7762,ערוגות
ערערה,32.4963,35.0973,ערערה
ערערה בנגב,31.1561,35.023,ערערה בנגב
עשאהל,31.373,35.0435,עשאהל
עשרת,31.8249,34.7475,עשרת
עתלית,32.6909,34.9429,עתלית
עתניאל,31.4388,35.0282,עתניאל
פארן,30.3626,35.1551,פארן
פארק תעשיות פלמחים,31.9532,34.7675,פארק תעשיות פלמחים
פארק תעשייה ראם,31.7682,34.7552,פארק תעשייה ראם
פדואל,32.0625,35.0526,פדואל
פדויים,31.3263,34.6121,פדויים
פדיה,31.8578,34.8838,פדיה
פוריה כפר עבודה,32.7198,35.5456,פוריה כפר עבודה
פוריה נווה עובד,32.7438,35.5381,פוריה נווה עובד
פוריה עילית,32.7327,35.5462,פוריה עילית
פוריידיס,32.5974,34.9519,פוריידיס
פורת,32.2771,34.9488,פורת
פטיש,31.3278,34.56,פטיש
פלך,32.9336,35.233,פלך
פלמחים,31.9327,34.7069,פלמחים
פני קדם,31.5895,35.1951,פני קדם
פנימיית עין כרם,31.7788,35.1533,פנימיית עין כרם
פסגות,31.9,35.2239,פסגות
פסוטה,33.0478,35.3088,פסוטה
פעמי תש''ז,31.4383,34.6921,פעמי תש''ז
פצאל,32.0435,35.4438,פצאל
פקיעין,32.9762,35.3358,פקיעין
פרדס חנה-כרכור,32.4753,34.9771,פרדס חנה-כרכור
פרדסיה,32.305,34.9117,פרדסיה
פרוד,32.9331,35.4343,פרוד
פרי גן,31.222,34.3559,פרי גן
פתח תקווה,32.084,34.8878,פתח תקווה
פתחיה,31.867,34.8869,פתחיה
צאלים,31.2039,34.5334,צאלים
צבעון,33.0264,35.4167,צבעון
צובה,31.7844,35.118,צובה
"צוחר, אוהד",31.2364,34.4287,"צוחר, אוהד"
צופים,32.1979,35.0107,צופים
צופית,32.1949,34.9201,צופית
צופר,30.5594,35.1815,צופר
צוקים,30.4916,35.1654,צוקים
צור הדסה,31.7194,35.097,צור הדסה
צור יצחק,32.2415,34.998,צור יצחק
צור משה,32.2989,34.9131,צור משה
צור נתן,32.2397,35.014,צור נתן
צוריאל,33.0065,35.3148,צוריאל
צורית גילון,32.9043,35.2322,צורית גילון
ציפורי,32.7467,35.2764,ציפורי
צלפון,31.8056,34.9318,צלפון
צפריה,32.0043,34.8547,צפריה
צפרירים,31.6596,34.9443,צפרירים
צפת,32.9646,35.496,צפת
צרופה,32.6478,34.9465,צרופה
צרעה,31.7627,34.9669,צרעה
קבוצת יבנה,31.814,34.7191,קבוצת יבנה
קדומים,32.2124,35.1574,קדומים
קדימה-צורן,32.283,34.9119,קדימה-צורן
קדיתא,33.006,35.4683,קדיתא
קדמה,31.7008,34.7749,קדמה
קדמת צבי,33.0295,35.6977,קדמת צבי
קדר,31.7544,35.3107,קדר
קדרון,31.8141,34.7955,קדרון
קדרים,32.8989,35.4716,קדרים
קדש ברנע,30.9034,34.3967,קדש ברנע
קוממיות,31.6626,34.7293,קוממיות
קורנית,32.8444,35.2519,קורנית
קטורה,29.9709,35.0614,קטורה
קידה,32.0514,35.3413,קידה
קיסריה,32.519,34.9045,קיסריה
קלחים,31.4498,34.6791,קלחים
קליה,31.7499,35.4661,קליה
קלנסווה,32.2858,34.9815,קלנסווה
קלע,33.1317,35.6839,קלע
קציר,32.4852,35.1087,קציר
קצר-א-סיר והפזורה,31.0865,34.9979,קצר-א-סיר והפזורה
קצרין,32.991,35.6899,קצרין
קצרין - אזור תעשייה,32.989259,35.710742,קצרין - אזור תעשייה
קריית אונו,32.0549,34.8589,קריית אונו
קריית ביאליק,32.8322,35.0884,קריית ביאליק
"קריית גת, כרמי גת",31.6196,34.766,"קריית גת, כרמי גת"
קריית טבעון - בית זייד,32.7132,35.1226,קריית טבעון - בית זייד
קריית ים,32.8493,35.0689,קריית ים
קריית יערים,31.8028,35.0999,קריית יערים
קריית מוצקין,32.8382,35.0795,קריית מוצקין
קריית מלאכי,31.7302,34.747,קריית מלאכי
קריית נטפים,32.1173,35.1121,קריית נטפים
קריית ענבים,31.8099,35.1208,קריית ענבים
קריית עקרון,31.8625,34.822,קריית עקרון
קרית ארבע,31.5293,35.1156,קרית ארבע
קריית אתא,32.8052,35.0925,קריית אתא
קריית חינוך מרחבים,31.3142,34.5999,קריית חינוך מרחבים
קריית שמונה,33.2079,35.5702,קריית שמונה
קרני שומרון,32.1716,35.0975,קרני שומרון
קשת,32.9804,35.8085,קשת
ראמה,32.9371,35.367,ראמה
ראס אל-עין,32.9157,35.3727,ראס אל-עין
ראס עלי,32.7729,35.1555,ראס עלי
ראש הנקרה,33.0861,35.1135,ראש הנקרה
ראש העין,32.0958,34.9522,ראש העין
ראש פינה,32.9704,35.5427,ראש פינה
ראש צורים,31.6678,35.1253,ראש צורים
ראשון לציון - מזרח,31.9723,34.8066,ראשון לציון - מזרח
ראשון לציון - מערב,31.981,34.7679,ראשון לציון - מערב
רבבה,32.1187,35.1296,רבבה
רבדים,31.774,34.8148,רבדים
רביבים,31.0452,34.7211,רביבים
רביד,32.8506,35.4641,רביד
רגבה,32.9775,35.0991,רגבה
רגבים,32.5234,35.034,רגבים
רהט והפזורה,31.4033,34.7582,רהט והפזורה
רווחה,31.6487,34.7337,רווחה
רוויה,32.4486,35.4731,רוויה
רוחמה,31.4974,34.7052,רוחמה
רומאנה,32.7881,35.3112,רומאנה
רומת אל הייב,32.7776,35.3057,רומת אל הייב
רועי,32.2475,35.4895,רועי
רותם,32.3366,35.5186,רותם
רחוב,32.4511,35.4896,רחוב
רחובות,31.8928,34.8113,רחובות
רחלים,32.1025,35.2578,רחלים
רטורנו - גבעת שמש,31.7759,34.9474,רטורנו - גבעת שמש
ריחאנייה,33.0499,35.4871,ריחאנייה
ריחן,32.4688,35.1353,ריחן
ריינה,32.7199,35.3177,ריינה
רימונים,31.9354,35.3405,רימונים
רינתיה,32.0444,34.9285,רינתיה
רכסים,32.7493,35.0996,רכסים
רם און,32.5287,35.2587,רם און
רמות,32.8504,35.6652,רמות
רמות השבים,32.1651,34.8815,רמות השבים
רמות מאיר,31.8744,34.8552,רמות מאיר
רמות מנשה,32.5966,35.0575,רמות מנשה
רמות נפתלי,33.1024,35.5533,רמות נפתלי
רמלה,31.9316,34.8729,רמלה
רמת גן - מזרח,32.0529,34.8416,רמת גן - מזרח
רמת גן - מערב,32.0706,34.8275,רמת גן - מערב
רמת דוד,32.679,35.204,רמת דוד
רמת הכובש,32.2183,34.9383,רמת הכובש
רמת הנדיב,32.5524,34.9453,רמת הנדיב
רמת השופט,32.6094,35.0941,רמת השופט
רמת השרון,32.1378,34.8403,רמת השרון
רמת יוחנן,32.7935,35.1222,רמת יוחנן
רמת ישי,32.704,35.166,רמת ישי
רמת מגשימים,32.8441,35.8066,רמת מגשימים
רמת צבי,32.592,35.4145,רמת צבי
רמת רזיאל,31.7736,35.0744,רמת רזיאל
רנן,31.3387,34.6004,רנן
רעים,31.3862,34.4588,רעים
רעננה,32.1848,34.8713,רעננה
רקפת,32.8556,35.2642,רקפת
רשפון,32.2019,34.8247,רשפון
רשפים,32.4812,35.4788,רשפים
רתמים,31.054,34.6909,רתמים
שאנטי במדבר,30.8333,34.7366,שאנטי במדבר
שאר ישוב,33.2263,35.6468,שאר ישוב
שבות רחל,32.0545,35.3107,שבות רחל
שבי דרום,31.4664,34.6386,שבי דרום
שבי ציון,32.9821,35.083,שבי ציון
שבי שומרון,32.2637,35.1834,שבי שומרון
שבלי,32.6863,35.4061,שבלי
שגב שלום והפזורה,31.1984,34.8397,שגב שלום והפזורה
שדה אברהם,31.2116,34.3357,שדה אברהם
שדה אילן,32.7505,35.4224,שדה אילן
שדה אליהו,32.4419,35.5138,שדה אליהו
שדה אליעזר,33.0465,35.5653,שדה אליעזר
שדה בוקר,30.8736,34.7931,שדה בוקר
שדה דוד,31.5775,34.6834,שדה דוד
שדה ורבורג,32.2087,34.9033,שדה ורבורג
שדה יואב,31.6457,34.6768,שדה יואב
שדה יעקב,32.6976,35.1413,שדה יעקב
שדה יצחק,32.405,34.9922,שדה יצחק
שדה משה,31.611,34.8004,שדה משה
שדה נחום,32.5251,35.4809,שדה נחום
שדה נחמיה,33.1882,35.6231,שדה נחמיה
שדה ניצן,31.23,34.4184,שדה ניצן
שדה עוזיהו,31.7584,34.6782,שדה עוזיהו
שדה צבי,31.4487,34.7132,שדה צבי
שדות ים,32.4926,34.8932,שדות ים
שדות מיכה,31.7214,34.9207,שדות מיכה
שדי חמד,32.1585,34.9428,שדי חמד
שדי תרומות,32.4409,35.4842,שדי תרומות
שדמה,31.8338,34.7401,שדמה
שדמות דבורה,32.6962,35.4364,שדמות דבורה
שדמות מחולה,32.3477,35.5306,שדמות מחולה
"שדרות, איבים, ניר עם",31.5313,34.5984,"שדרות, איבים, ניר עם"
שהם,31.9958,34.9488,שהם
שואבה,31.7994,35.079,שואבה
שובל,31.4137,34.7458,שובל
שומרה,33.0825,35.282,שומרה
שומריה,31.4322,34.8841,שומריה
שומרת,32.9515,35.095,שומרת
שוקדה,31.4221,34.5244,שוקדה
שורש,31.7975,35.0653,שורש
שורשים,32.8927,35.2586,שורשים
שושנת העמקים,32.3548,34.8568,שושנת העמקים
שזור,32.9339,35.3545,שזור
שחר,31.6184063,34.7240639,שחר
שחרות,29.9041,34.9992,שחרות
שיבולים,31.3964,34.6081,שיבולים
שיטים,30.1764,35.0167,שיטים
שייח' דנון,32.9938,35.1486,שייח' דנון
שילה,32.0544,35.2991,שילה
שילת,31.9212,35.0146,שילת
שכניה,32.8492,35.2467,שכניה
שלווה,31.5647,34.7688,שלווה
שלוחות,32.4726,35.4805,שלוחות
שלומי,33.0726,35.1459,שלומי
שלומית,31.1697,34.3032,שלומית
שלפים,32.476,35.477,שלפים
שמיר,33.1668,35.66,שמיר
שמעה,31.3873,35.0127,שמעה
שמשית,32.7325,35.2465,שמשית
שני ליבנה,31.3566,35.0699,שני ליבנה
שניר,33.2403,35.677,שניר
שעב,32.8897,35.2388,שעב
שעל,33.1165,35.7188,שעל
שעלבים,31.8702,34.9843,שעלבים
שער אפרים,32.2907,34.9994,שער אפרים
שער הגולן,32.6869,35.6047,שער הגולן
שער העמקים,32.7226,35.1106,שער העמקים
שער מנשה,32.4439,35.011,שער מנשה
שערי תקווה,32.1207,35.027,שערי תקווה
שפיים,32.2166,34.8224,שפיים
שפיר,31.6976,34.7282,שפיר
שפר,32.9446,35.4378,שפר
שפרעם,32.8058,35.17,שפרעם
שקד,32.4737,35.1684,שקד
שקף,31.5149,34.9373,שקף
שרונה,32.7259,35.4672,שרונה
שריגים - ליאון,31.6786,34.9351,שריגים - ליאון
שריד,32.6631,35.2248,שריד
שרשרת,31.4048,34.6044,שרשרת
שתולה,33.0859,35.3156,שתולה
שתולים,31.7737,34.6844,שתולים
תאשור,31.3717,34.6435,תאשור
תדהר,31.3789,34.6304,תדהר
תובל,32.9285,35.2457,תובל
תומר,32.0186,35.4398,תומר
תחנת רכבת כפר יהושוע,32.6811,35.1246,תחנת רכבת כפר יהושוע
תחנת רכבת ראש העין,32.1209,34.9345,תחנת רכבת ראש העין
תימורים,31.7163,34.7614,תימורים
תירוש,31.7503,34.8859,תירוש
תל אביב - דרום העיר ויפו,32.0462,34.7654,תל אביב - דרום העיר ויפו
תל אביב - מזרח,32.0578,34.7987,תל אביב - מזרח
תל אביב - מרכז העיר,32.0798,34.7772,תל אביב - מרכז העיר
תל אביב - עבר הירקון,32.1213,34.8203,תל אביב - עבר הירקון
תל חי,33.2334,35.5827,תל חי
תל יוסף,32.5567,35.3989,תל יוסף
תל יצחק,32.2527,34.8724,תל יצחק
תל מונד,32.2566,34.9185,תל מונד
תל עדשים,32.6574,35.3025,תל עדשים
תל ערד והפזורה,31.2837,35.1038,תל ערד והפזורה
תל ציון,31.8804,35.2391,תל ציון
תל קציר,32.7064,35.6179,תל קציר
תל שבע,31.2476,34.8612,תל שבע
תל תאומים,32.4425,35.4964,תל תאומים
תלם,31.5631,35.0312,תלם
תלמי אליהו,31.2296,34.4291,תלמי אליהו
תלמי אלעזר,32.4472,34.975,תלמי אלעזר
תלמי ביל''ו,31.4381,34.6448,תלמי ביל''ו
תלמי יוסף,31.2,34.3638,תלמי יוסף
תלמי יחיאל,31.7536,34.7643,תלמי יחיאל
תלמי יפה,31.6169,34.6125,תלמי יפה
תלמים,31.5634,34.672,תלמים
תמרת,32.7038,35.2255,תמרת
תנובות,32.3059,34.9626,תנובות
תעוז,31.8013,34.972,תעוז
תעשיון חצב,32.0717,34.9544,תעשיון חצב
תעשיון צריפין,31.9624,34.8533,תעשיון צריפין
תפרח,31.3245,34.6792,תפרח
תקומה,31.4485,34.5781,תקומה
חוות יזרעם,31.4427,34.5716,חוות יזרעם
תקוע,31.6528,35.2275,תקוע
תראבין א-צאנע והפזורה,31.3574,34.7383,תראבין א-צאנע והפזורה
תרום,31.7833,34.9802,תרום
